Run,Event,PID1,E1,px1,py1,pz1,pt1,eta1,phi1,Q1,PID2,E2,px2,py2,pz2,pt2,eta2,phi2,Q2,PID3,E3,px3,py3,pz3,pt3,eta3,phi3,Q3,PID4,E4,px4,py4,pz4,pt4,eta4,phi4,Q4,mZ1,mZ2,M
167675,876658967,-11,46.2967,-45.4721,-8.6101,-1.24072,46.2801,-0.0268058,-2.95446,1,11,45.8568,43.5367,14.3708,-0.940301,45.8472,-0.020508,0.318824,-1,-11,27.2561,-13.6734,-19.6597,13.0164,23.9472,0.519816,-2.1785,1,11,7.57191,-0.0913048,7.28083,-2.07727,7.2814,-0.281549,1.58334,-1,91.9271,27.3974,125.528
173243,16706390,11,352.097,-58.3284,-8.93069,347.117,59.0081,2.47228,-2.98966,-1,-11,124.22,55.8882,-7.34743,110.694,56.3691,1.4273,-0.130717,1,-11,169.383,23.0043,33.2087,164.495,40.3982,2.11199,0.964974,1,11,28.8255,7.33931,-25.1182,-12.0881,26.1685,-0.446908,-1.28652,-1,91.4178,92.9952,285.96
171106,141954801,11,49.6757,-8.9885,44.2435,-20.7218,45.1473,-0.444228,1.77123,-1,11,68.4708,41.2204,-0.639024,-54.6692,41.2253,-1.09427,-0.0155014,-1,-11,42.6373,-0.600474,-39.7627,15.3787,39.7673,0.377676,-1.5859,1,-11,36.5299,-36.4078,0.928434,-2.83553,36.4196,-0.0777787,3.1161,1,91.5484,87.7217,186.915
163758,113529826,-11,112.039,-19.2226,25.6749,107.35,32.0735,1.92281,2.21346,1,11,26.6863,6.94914,-23.0538,11.506,24.0784,0.461317,-1.27803,-1,-11,10.1663,2.352,-9.35977,-3.19643,9.65076,-0.325435,-1.32461,1,11,12.2376,3.98114,6.14426,9.80604,7.3213,1.10224,0.995867,-1,70.4304,20.1941,100.923
172952,842265702,-11,87.628,41.7576,11.5591,-76.1667,43.3279,-1.32982,0.270053,1,11,37.9247,-20.5105,24.6846,-20.2058,32.0938,-0.59403,2.2641,-1,-11,11.3639,-6.93362,6.40937,-6.32315,9.4422,-0.627642,2.39546,1,11,26.6822,-0.119199,-9.07494,-25.0912,9.07572,-1.74127,-1.58393,-1,68.6352,20.0945,95.4259
163659,344708580,11,61.6886,-50.3627,-15.4488,32.1002,52.6789,0.576831,-2.84395,-1,-11,44.3136,40.6614,-15.9374,7.50629,43.6732,0.171039,-0.37355,1,-11,26.7699,-0.250656,26.4523,4.10358,26.4535,0.154509,1.58027,1,11,18.1029,-13.5592,1.03685,11.9494,13.5988,0.792955,3.06527,-1,92.6746,28.4517,138.193
172799,10347106,11,215.87,-9.38901,113.027,183.675,113.417,1.25926,1.65367,-1,11,97.8731,9.27214,-95.3894,19.8505,95.839,0.20567,-1.4739,-1,-11,49.552,-39.9507,9.24934,27.817,41.0075,0.634832,2.91408,1,-11,51.3601,34.2592,-20.8718,-32.0709,40.1163,-0.732237,-0.54718,1,91.2903,81.9121,363.538
